prompt,alpha,generated,full_output
Explain why the sky is blue.,-20.0,"(In order to be accepted, your answer must be concise and make sense. Try to avoid any personal opinions.)

The color of the sky depends on the wavelength of light that it reflects. The sky is blue because it reflects blue light. The color of the sky depends on the wavelength of the light that is reflected. For example, the blue light is more intense than the red light. This is why the sky is blue.

Explain why the sky is blue.","<|endoftext|>Explain why the sky is blue.

(In order to be accepted, your answer must be concise and make sense. Try to avoid any personal opinions.)

The color of the sky depends on the wavelength of light that it reflects. The sky is blue because it reflects blue light. The color of the sky depends on the wavelength of the light that is reflected. For example, the blue light is more intense than the red light. This is why the sky is blue.

Explain why the sky is blue."
Explain why the sky is blue.,-10.0,"I’m going to assume that you’ve read the above explanation and that you’re not asking me to explain why the sky is blue. So I’m not going to rehash all of the stuff you already know about why the sky is blue.

But I am going to go through a few other questions you’ll have to answer and I’m going to try to make them as simple as possible.

Why is the sky blue?

The","<|endoftext|>Explain why the sky is blue.

I’m going to assume that you’ve read the above explanation and that you’re not asking me to explain why the sky is blue. So I’m not going to rehash all of the stuff you already know about why the sky is blue.

But I am going to go through a few other questions you’ll have to answer and I’m going to try to make them as simple as possible.

Why is the sky blue?

The"
Explain why the sky is blue.,-5.0,"The sky is blue because the air is blue. The air contains the oxygen we breathe and the water vapor that gives the air its color. The sky contains the same stuff as the air. The sky is blue because the air is blue.

The sky is blue because the air is blue. The air contains the oxygen we breathe and the water vapor that gives the air its color. The sky contains the same stuff as the air. The sky is blue because the air is blue.","<|endoftext|>Explain why the sky is blue.

The sky is blue because the air is blue. The air contains the oxygen we breathe and the water vapor that gives the air its color. The sky contains the same stuff as the air. The sky is blue because the air is blue.

The sky is blue because the air is blue. The air contains the oxygen we breathe and the water vapor that gives the air its color. The sky contains the same stuff as the air. The sky is blue because the air is blue."
Explain why the sky is blue.,0.0,"2. Explain why there is a moon in the sky.

3. Explain why the sun is hot and bright.

4. Explain why the sun is in the sky.

5. Explain why the sun is hot.

6. Explain why the sun is bright.

7. Explain why the sun is in the sky.

8. Explain why the sun is hot.

9. Explain why","<|endoftext|>Explain why the sky is blue.

2. Explain why there is a moon in the sky.

3. Explain why the sun is hot and bright.

4. Explain why the sun is in the sky.

5. Explain why the sun is hot.

6. Explain why the sun is bright.

7. Explain why the sun is in the sky.

8. Explain why the sun is hot.

9. Explain why"
Explain why the sky is blue.,5.0,"The sky is blue because it is made up of air.

A:

The sky is blue because it is made up of air.

A sky is blue because it is made up of air. The sky is blue because it is made up of air.

Explain why the sky is blue.

The sky is blue because it is made up of air.

The sky is blue because it is made up of air.

A sky","<|endoftext|>Explain why the sky is blue.

The sky is blue because it is made up of air.

A:

The sky is blue because it is made up of air.

A sky is blue because it is made up of air. The sky is blue because it is made up of air.

Explain why the sky is blue.

The sky is blue because it is made up of air.

The sky is blue because it is made up of air.

A sky"
Explain why the sky is blue.,10.0,"The sky is blue because it contains all of the following elements in the right proportions:

Oxygen

Hydrogen

Nitrogen

Phosphorus

Carbon

Sulfur

Silicon

Iron

Magnesium

Manganese

Calcium

Sodium

Potassium

Chlorine

The sky is blue because it contains all of the elements in the right proportions.

The sky","<|endoftext|>Explain why the sky is blue.

The sky is blue because it contains all of the following elements in the right proportions:

Oxygen

Hydrogen

Nitrogen

Phosphorus

Carbon

Sulfur

Silicon

Iron

Magnesium

Manganese

Calcium

Sodium

Potassium

Chlorine

The sky is blue because it contains all of the elements in the right proportions.

The sky"
Explain why the sky is blue.,20.0,"The sky is blue because the atmosphere is blue.

The atmosphere is made up of many layers, each of which is made up of many molecules.

The molecules in the atmosphere are arranged in a way that causes the light to scatter and to be absorbed, and the blue light is scattered and absorbed most strongly.

This is the basic explanation, but there are many other factors that affect the color of the sky, such as the composition of the molecules, the temperature of","<|endoftext|>Explain why the sky is blue.

The sky is blue because the atmosphere is blue.

The atmosphere is made up of many layers, each of which is made up of many molecules.

The molecules in the atmosphere are arranged in a way that causes the light to scatter and to be absorbed, and the blue light is scattered and absorbed most strongly.

This is the basic explanation, but there are many other factors that affect the color of the sky, such as the composition of the molecules, the temperature of"
What are the benefits of regular exercise?,-20.0,"A:

Quick Answer

The benefits of regular exercise are as varied as the reasons people choose to exercise. The health benefits of regular exercise include reducing the risk of heart disease, lowering blood pressure and reducing the risk of diabetes.

Keep Learning

Aerobic exercise, also known as cardio, is the most common form of exercise. It involves the use of the heart and lungs to move oxygen into the body's cells. The types of aerobic exercise include running, swimming","<|endoftext|>What are the benefits of regular exercise?

A:

Quick Answer

The benefits of regular exercise are as varied as the reasons people choose to exercise. The health benefits of regular exercise include reducing the risk of heart disease, lowering blood pressure and reducing the risk of diabetes.

Keep Learning

Aerobic exercise, also known as cardio, is the most common form of exercise. It involves the use of the heart and lungs to move oxygen into the body's cells. The types of aerobic exercise include running, swimming"
What are the benefits of regular exercise?,-10.0,"What are the benefits of regular exercise?

Regular exercise is a great way to stay healthy and to keep your mind and body strong. Here are the benefits of regular exercise.

Exercise is good for your body. It helps to keep your heart strong, your lungs strong, your bones strong, and your muscles strong.

Exercise is good for your mind. It keeps your mind sharp, your memory strong, and your attention focused. It also helps you to stay","<|endoftext|>What are the benefits of regular exercise?

What are the benefits of regular exercise?

Regular exercise is a great way to stay healthy and to keep your mind and body strong. Here are the benefits of regular exercise.

Exercise is good for your body. It helps to keep your heart strong, your lungs strong, your bones strong, and your muscles strong.

Exercise is good for your mind. It keeps your mind sharp, your memory strong, and your attention focused. It also helps you to stay"
What are the benefits of regular exercise?,-5.0,"There are many benefits to regular exercise. These include:

Improved mood

Improved health

Improved appearance

Improved weight management

Improved sex life

Improved energy level

Improved memory

Improved health

Exercising increases your oxygen intake and improves your health. Oxygen is an important component of the body, and without enough oxygen, you can have a difficult time functioning. Regular exercise increases your oxygen intake.","<|endoftext|>What are the benefits of regular exercise?

There are many benefits to regular exercise. These include:

Improved mood

Improved health

Improved appearance

Improved weight management

Improved sex life

Improved energy level

Improved memory

Improved health

Exercising increases your oxygen intake and improves your health. Oxygen is an important component of the body, and without enough oxygen, you can have a difficult time functioning. Regular exercise increases your oxygen intake."
What are the benefits of regular exercise?,0.0,"Exercise can improve your mood, make you feel more energetic, boost your immunity, improve your cardiovascular health, and improve your mental health. And for those who are trying to lose weight, regular exercise can be an effective way to get rid of stubborn fat.

But exercising can be a challenge for many people, especially if they don’t have the time or the motivation to exercise. But you can always find ways to keep exercising, whether it’s walking, swimming, or","<|endoftext|>What are the benefits of regular exercise?

Exercise can improve your mood, make you feel more energetic, boost your immunity, improve your cardiovascular health, and improve your mental health. And for those who are trying to lose weight, regular exercise can be an effective way to get rid of stubborn fat.

But exercising can be a challenge for many people, especially if they don’t have the time or the motivation to exercise. But you can always find ways to keep exercising, whether it’s walking, swimming, or"
What are the benefits of regular exercise?,5.0,"Regular exercise is good for your health. You can lose weight, lower your blood pressure, increase your energy level, reduce your risk of getting cancer, and reduce your risk of getting diabetes.

A physical activity that lasts 20 minutes or more is called moderate physical activity.

A physical activity that lasts 30 minutes or more is called vigorous physical activity.

In order to get the most benefit from exercise, it's important to do it regularly.

How much should I","<|endoftext|>What are the benefits of regular exercise?

Regular exercise is good for your health. You can lose weight, lower your blood pressure, increase your energy level, reduce your risk of getting cancer, and reduce your risk of getting diabetes.

A physical activity that lasts 20 minutes or more is called moderate physical activity.

A physical activity that lasts 30 minutes or more is called vigorous physical activity.

In order to get the most benefit from exercise, it's important to do it regularly.

How much should I"
What are the benefits of regular exercise?,10.0,"To a person who has no idea how to start exercising, there are many reasons to start exercising. Regular exercise helps to keep your body in shape and to keep your muscles, bones and joints strong.

Exercising regularly is also a great way to stay fit, and to keep your heart and lungs healthy. Regular exercise also helps to keep your blood pressure and cholesterol levels in check.

What are the benefits of exercise?

The benefits of exercise are many. For","<|endoftext|>What are the benefits of regular exercise?

To a person who has no idea how to start exercising, there are many reasons to start exercising. Regular exercise helps to keep your body in shape and to keep your muscles, bones and joints strong.

Exercising regularly is also a great way to stay fit, and to keep your heart and lungs healthy. Regular exercise also helps to keep your blood pressure and cholesterol levels in check.

What are the benefits of exercise?

The benefits of exercise are many. For"
What are the benefits of regular exercise?,20.0,"Regular exercise can have many benefits, including:

Improve your health

Strengthen bones, muscles, and joints

Help you lose weight

Lose or maintain muscle tone

Maintain a healthy weight

Improve your ability to exercise

Reduce your risk of developing heart disease

Improve your health and fitness

Improve your mood

Improve your mental health

Improve your sleep

Improve your","<|endoftext|>What are the benefits of regular exercise?

Regular exercise can have many benefits, including:

Improve your health

Strengthen bones, muscles, and joints

Help you lose weight

Lose or maintain muscle tone

Maintain a healthy weight

Improve your ability to exercise

Reduce your risk of developing heart disease

Improve your health and fitness

Improve your mood

Improve your mental health

Improve your sleep

Improve your"
How does a car engine work?,-20.0,The engine is the heart of your car. It is the part of the car that makes it move. The engine turns the crankshaft. The crankshaft turns the flywheel. The flywheel turns the camshaft. The camshaft turns the pistons. The pistons move the valves. The valves move the inlet and exhaust valves. The inlet and exhaust valves are connected to the intake and exhaust systems. The intake and exhaust systems are connected to the spark,"<|endoftext|>How does a car engine work?

The engine is the heart of your car. It is the part of the car that makes it move. The engine turns the crankshaft. The crankshaft turns the flywheel. The flywheel turns the camshaft. The camshaft turns the pistons. The pistons move the valves. The valves move the inlet and exhaust valves. The inlet and exhaust valves are connected to the intake and exhaust systems. The intake and exhaust systems are connected to the spark"
How does a car engine work?,-10.0,"A:

Quick Answer

The engine of a car uses a variety of different parts, including a crankshaft, camshaft, valves, pistons, crankshaft bearings, and a water pump. The crankshaft turns the pistons to move the vehicle forward and backward. The valves open and close to direct the flow of gas through the cylinders. The pistons push the crankshaft to turn the engine.

Keep Learning","<|endoftext|>How does a car engine work?

A:

Quick Answer

The engine of a car uses a variety of different parts, including a crankshaft, camshaft, valves, pistons, crankshaft bearings, and a water pump. The crankshaft turns the pistons to move the vehicle forward and backward. The valves open and close to direct the flow of gas through the cylinders. The pistons push the crankshaft to turn the engine.

Keep Learning
"
How does a car engine work?,-5.0,"An engine is a device that converts chemical energy into mechanical energy and, in the case of a car, into kinetic energy (speed). The engine is powered by a fuel such as gasoline, oil, or coal. The fuel is burned, releasing its energy, which is then converted into mechanical energy. The energy in the fuel is stored as heat. The engine's heat is used to drive the pistons and crankshaft, which in turn drive the wheels.

The major","<|endoftext|>How does a car engine work?

An engine is a device that converts chemical energy into mechanical energy and, in the case of a car, into kinetic energy (speed). The engine is powered by a fuel such as gasoline, oil, or coal. The fuel is burned, releasing its energy, which is then converted into mechanical energy. The energy in the fuel is stored as heat. The engine's heat is used to drive the pistons and crankshaft, which in turn drive the wheels.

The major"
How does a car engine work?,0.0,"A car engine is a mechanical device that converts the energy of a fuel into mechanical motion, which is then converted back into energy through the use of a generator. A car engine is an example of a mechanical system that is driven by the energy stored in a chemical reaction.

How does the car engine work?

The car engine is a mechanical device that converts the energy of a fuel into mechanical motion, which is then converted back into energy through the use of a generator. A","<|endoftext|>How does a car engine work?

A car engine is a mechanical device that converts the energy of a fuel into mechanical motion, which is then converted back into energy through the use of a generator. A car engine is an example of a mechanical system that is driven by the energy stored in a chemical reaction.

How does the car engine work?

The car engine is a mechanical device that converts the energy of a fuel into mechanical motion, which is then converted back into energy through the use of a generator. A"
How does a car engine work?,5.0,"The engine is an engine that uses fuel to turn a crankshaft, which in turn rotates the pistons in the cylinders. The engine is powered by the combustion of the fuel and air mixture in the cylinders. The pistons move in the cylinders as the crankshaft turns. The crankshaft is connected to the drive wheels of the car.

What are the four major parts of a car engine?

The engine is made up of four major parts","<|endoftext|>How does a car engine work?

The engine is an engine that uses fuel to turn a crankshaft, which in turn rotates the pistons in the cylinders. The engine is powered by the combustion of the fuel and air mixture in the cylinders. The pistons move in the cylinders as the crankshaft turns. The crankshaft is connected to the drive wheels of the car.

What are the four major parts of a car engine?

The engine is made up of four major parts"
How does a car engine work?,10.0,"A:

Quick Answer

The combustion process in a car engine begins when a fuel and an oxidizer are mixed. The oxidizer is usually air, and the fuel is usually gasoline, ethanol or diesel fuel. The fuel and oxidizer are mixed and burned, and the heat released during this process is used to turn a crankshaft connected to the engine's pistons.

Keep Learning

The fuel and oxidizer are mixed together in a chamber, and","<|endoftext|>How does a car engine work?

A:

Quick Answer

The combustion process in a car engine begins when a fuel and an oxidizer are mixed. The oxidizer is usually air, and the fuel is usually gasoline, ethanol or diesel fuel. The fuel and oxidizer are mixed and burned, and the heat released during this process is used to turn a crankshaft connected to the engine's pistons.

Keep Learning

The fuel and oxidizer are mixed together in a chamber, and"
How does a car engine work?,20.0,"A:

Quick Answer

The engine of a car is a combustion chamber in which the fuel is burned, creating the heat and pressure that pushes the piston down to create power, according to TheFreeDictionary.com. The piston is connected to a crankshaft and is attached to a flywheel that helps the crankshaft turn, creating the power necessary to drive the car.

Keep Learning

In a spark-ignition engine, a spark ign","<|endoftext|>How does a car engine work?

A:

Quick Answer

The engine of a car is a combustion chamber in which the fuel is burned, creating the heat and pressure that pushes the piston down to create power, according to TheFreeDictionary.com. The piston is connected to a crankshaft and is attached to a flywheel that helps the crankshaft turn, creating the power necessary to drive the car.

Keep Learning

In a spark-ignition engine, a spark ign"
Why is sleep important for health?,-20.0,"Sleep is a complex biological process. Sleep is essential for health and well being. It plays a role in the regulation of metabolism, mood, immune function and general well being. Sleep is needed to help the body to heal itself and recover from illness. Sleep is also needed to prevent diseases, such as diabetes and cardiovascular disease.

Sleep is important for the body to function properly, and it is also important for the brain to function properly. The brain is the most complex and complex part","<|endoftext|>Why is sleep important for health?

Sleep is a complex biological process. Sleep is essential for health and well being. It plays a role in the regulation of metabolism, mood, immune function and general well being. Sleep is needed to help the body to heal itself and recover from illness. Sleep is also needed to prevent diseases, such as diabetes and cardiovascular disease.

Sleep is important for the body to function properly, and it is also important for the brain to function properly. The brain is the most complex and complex part"
Why is sleep important for health?,-10.0,"Why is sleep important for health?

Sleep is a crucial part of your health. In fact, sleep deprivation is associated with a variety of health problems including obesity, diabetes, heart disease, and depression. The importance of sleep is particularly critical in children. Insufficient sleep can have a significant impact on the health and development of young children.

Sleep is also essential for our overall well-being. In fact, we need about 8 hours of sleep per night to function at our","<|endoftext|>Why is sleep important for health?

Why is sleep important for health?

Sleep is a crucial part of your health. In fact, sleep deprivation is associated with a variety of health problems including obesity, diabetes, heart disease, and depression. The importance of sleep is particularly critical in children. Insufficient sleep can have a significant impact on the health and development of young children.

Sleep is also essential for our overall well-being. In fact, we need about 8 hours of sleep per night to function at our"
Why is sleep important for health?,-5.0,"Sleep is important for health. Without sleep, we cannot function properly. When we are sleep deprived, our body suffers. Our immune system can become compromised, and our thinking and memory become impaired.

Sleep is a necessity.

Many people do not get enough sleep, and that can be detrimental to their health. They may become more susceptible to illness, especially if they are sleep deprived. Sleep deprivation also can lead to accidents and accidents can be life threatening.

Sleep deprivation","<|endoftext|>Why is sleep important for health?

Sleep is important for health. Without sleep, we cannot function properly. When we are sleep deprived, our body suffers. Our immune system can become compromised, and our thinking and memory become impaired.

Sleep is a necessity.

Many people do not get enough sleep, and that can be detrimental to their health. They may become more susceptible to illness, especially if they are sleep deprived. Sleep deprivation also can lead to accidents and accidents can be life threatening.

Sleep deprivation"
Why is sleep important for health?,0.0,"Sleep is important for many reasons, not just because it helps us to be healthy, but because sleep is also one of the most neglected aspects of our lives. It is a natural process that is required for a healthy life, and if we are not getting enough sleep, we can experience a number of health issues.

How much sleep do you need?

Everyone is different, and how much sleep you need is a very personal matter. If you are a teenager, you may","<|endoftext|>Why is sleep important for health?

Sleep is important for many reasons, not just because it helps us to be healthy, but because sleep is also one of the most neglected aspects of our lives. It is a natural process that is required for a healthy life, and if we are not getting enough sleep, we can experience a number of health issues.

How much sleep do you need?

Everyone is different, and how much sleep you need is a very personal matter. If you are a teenager, you may"
Why is sleep important for health?,5.0,"Sleep is a critical component of good health, and sleep disorders are a major cause of morbidity and mortality. A recent study found that sleep problems are the most common chronic medical condition in the United States, affecting one-third of the population.1

Sleep is a complex process that is affected by many factors. These factors include:

Genetics: Sleep and circadian rhythms are influenced by our genetics. People with certain genes tend to have different sleep patterns and are more likely to have","<|endoftext|>Why is sleep important for health?

Sleep is a critical component of good health, and sleep disorders are a major cause of morbidity and mortality. A recent study found that sleep problems are the most common chronic medical condition in the United States, affecting one-third of the population.1

Sleep is a complex process that is affected by many factors. These factors include:

Genetics: Sleep and circadian rhythms are influenced by our genetics. People with certain genes tend to have different sleep patterns and are more likely to have"
Why is sleep important for health?,10.0,"Why is sleep important for health?

A lack of sleep can have a negative impact on our health, whether it’s a lack of sleep due to the demands of the job, chronic illness, or simply because we’re tired.

People who don’t get enough sleep are more likely to have a higher risk of developing certain diseases, including:

Cardiovascular diseases

Cancer

Diabetes

Kidney failure

The National","<|endoftext|>Why is sleep important for health?

Why is sleep important for health?

A lack of sleep can have a negative impact on our health, whether it’s a lack of sleep due to the demands of the job, chronic illness, or simply because we’re tired.

People who don’t get enough sleep are more likely to have a higher risk of developing certain diseases, including:

Cardiovascular diseases

Cancer

Diabetes

Kidney failure

The National"
Why is sleep important for health?,20.0,"The brain uses a circadian rhythm to regulate the body's internal clock. Circadian rhythms are driven by a biological oscillator that is entrained by a light-dark cycle. Although the brain has its own internal clock, it also receives signals from the external environment. The main signal is light, which is perceived by the retina and transmitted to the brain via the retinohypothalamic tract. The light-dark cycle entrains the circadian rhythm of the body, and the light-dark cycle can","<|endoftext|>Why is sleep important for health?
The brain uses a circadian rhythm to regulate the body's internal clock. Circadian rhythms are driven by a biological oscillator that is entrained by a light-dark cycle. Although the brain has its own internal clock, it also receives signals from the external environment. The main signal is light, which is perceived by the retina and transmitted to the brain via the retinohypothalamic tract. The light-dark cycle entrains the circadian rhythm of the body, and the light-dark cycle can"
What causes earthquakes?,-20.0,"Earthquakes are caused by the gradual build-up of stresses in the Earth's crust, which can occur when the crust is forced to expand or contract as a result of forces such as plate tectonics. The crust is the thin layer of rock that lies between the Earth's mantle (the liquid rock beneath the crust) and its outer layer of solid rock, the lithosphere. The lithosphere is composed of the Earth's crust, the crust's lithospheric plates and the","<|endoftext|>What causes earthquakes?

Earthquakes are caused by the gradual build-up of stresses in the Earth's crust, which can occur when the crust is forced to expand or contract as a result of forces such as plate tectonics. The crust is the thin layer of rock that lies between the Earth's mantle (the liquid rock beneath the crust) and its outer layer of solid rock, the lithosphere. The lithosphere is composed of the Earth's crust, the crust's lithospheric plates and the"
What causes earthquakes?,-10.0,"Earthquakes are caused by the movement of tectonic plates. The plates are made up of the Earth’s crust and mantle. The crust is the solid outer shell of the planet and the mantle is the softer, more fluid layer between the crust and the core. The mantle is made up of rocks that are melted and solidified many times. When the plates move, they push on the mantle, causing the rocks to break apart and move. The movement of the plates creates stress","<|endoftext|>What causes earthquakes?

Earthquakes are caused by the movement of tectonic plates. The plates are made up of the Earth’s crust and mantle. The crust is the solid outer shell of the planet and the mantle is the softer, more fluid layer between the crust and the core. The mantle is made up of rocks that are melted and solidified many times. When the plates move, they push on the mantle, causing the rocks to break apart and move. The movement of the plates creates stress"
What causes earthquakes?,-5.0,"An earthquake is caused when the Earth's crust is pushed and compressed by forces deep underground. The crust is the outermost layer of the Earth. The Earth's crust is made up of layers of rock, which are solidified from magma. Magma is molten rock that has been pushed up from deep underground. When the crust is pushed and compressed by forces deep underground, it causes earthquakes.

What causes an earthquake?

An earthquake is caused when the Earth's crust is","<|endoftext|>What causes earthquakes?

An earthquake is caused when the Earth's crust is pushed and compressed by forces deep underground. The crust is the outermost layer of the Earth. The Earth's crust is made up of layers of rock, which are solidified from magma. Magma is molten rock that has been pushed up from deep underground. When the crust is pushed and compressed by forces deep underground, it causes earthquakes.

What causes an earthquake?

An earthquake is caused when the Earth's crust is"
What causes earthquakes?,0.0,"The Earth's crust is made up of many tectonic plates. The plates move slowly at a rate of about 1 inch (25 mm) per year. When one plate slides against another, the plates pull apart. This creates a bulge in the earth's surface, called a fault. When a fault reaches the surface, it is called an earthquake.

Earthquakes occur when the crust of the earth is disturbed by a sudden change in stress in the earth's crust. The","<|endoftext|>What causes earthquakes?

The Earth's crust is made up of many tectonic plates. The plates move slowly at a rate of about 1 inch (25 mm) per year. When one plate slides against another, the plates pull apart. This creates a bulge in the earth's surface, called a fault. When a fault reaches the surface, it is called an earthquake.

Earthquakes occur when the crust of the earth is disturbed by a sudden change in stress in the earth's crust. The"
What causes earthquakes?,5.0,"An earthquake is the result of a sudden release of energy stored in the Earth. This release of energy is caused by the movement of a tectonic plate.

What are tectonic plates?

Tectonic plates are the pieces of the Earth's crust that are attached to each other by the spreading and convergence of the plates. These plates move around the Earth's interior.

What are earthquakes?

Earthquakes occur when a tectonic plate slips","<|endoftext|>What causes earthquakes?

An earthquake is the result of a sudden release of energy stored in the Earth. This release of energy is caused by the movement of a tectonic plate.

What are tectonic plates?

Tectonic plates are the pieces of the Earth's crust that are attached to each other by the spreading and convergence of the plates. These plates move around the Earth's interior.

What are earthquakes?

Earthquakes occur when a tectonic plate slips"
What causes earthquakes?,10.0,"Earthquakes are caused by a variety of forces:

Faulting

This is where two tectonic plates slide past each other, resulting in a zone of weakness.

It is the most common type of earthquake, occurring in almost all regions of the world.

Faulting is a slow process, and it takes many years for faults to become active.

Slip fault

This is where the Earth's crust slips along a fault plane","<|endoftext|>What causes earthquakes?

Earthquakes are caused by a variety of forces:

Faulting

This is where two tectonic plates slide past each other, resulting in a zone of weakness.

It is the most common type of earthquake, occurring in almost all regions of the world.

Faulting is a slow process, and it takes many years for faults to become active.

Slip fault

This is where the Earth's crust slips along a fault plane"
What causes earthquakes?,20.0,"A:

Quick Answer

Earthquakes occur when there is a sudden release of energy in the Earth's crust. The release of energy occurs when there is a sudden increase in the pressure on a fault. The increase in pressure causes a fracture in the Earth's crust. The release of energy from the fault can lead to a temblor, or earthquake.

Keep Learning

Earthquakes occur when there is a sudden release of energy in the Earth's crust","<|endoftext|>What causes earthquakes?

A:

Quick Answer

Earthquakes occur when there is a sudden release of energy in the Earth's crust. The release of energy occurs when there is a sudden increase in the pressure on a fault. The increase in pressure causes a fracture in the Earth's crust. The release of energy from the fault can lead to a temblor, or earthquake.

Keep Learning

Earthquakes occur when there is a sudden release of energy in the Earth's crust"
How do computers process information?,-20.0,"Computers process information in several ways. One way is the
way that computers process information as it is generated. For example, if
a computer has two mouse buttons, it will process information as if the mouse
were pressed down on one button and released on the other button. Another way
is the way that computers process information as it is stored. For example,
if a computer has a memory bank of one megabyte, it will process information
in one megaby","<|endoftext|>How do computers process information?

Computers process information in several ways. One way is the
way that computers process information as it is generated. For example, if
a computer has two mouse buttons, it will process information as if the mouse
were pressed down on one button and released on the other button. Another way
is the way that computers process information as it is stored. For example,
if a computer has a memory bank of one megabyte, it will process information
in one megaby"
How do computers process information?,-10.0,"Computers process information by executing programs called instructions. An instruction is a simple set of instructions that tell a computer what to do. The computer can perform many different operations depending on what it is told to do.

Computers are programmed to process information in a certain way. This way of processing information is called the computer's programming. Computers use different languages to describe how to process information.

Computer programming involves writing computer programs. These programs can be divided into two main categories","<|endoftext|>How do computers process information?

Computers process information by executing programs called instructions. An instruction is a simple set of instructions that tell a computer what to do. The computer can perform many different operations depending on what it is told to do.

Computers are programmed to process information in a certain way. This way of processing information is called the computer's programming. Computers use different languages to describe how to process information.

Computer programming involves writing computer programs. These programs can be divided into two main categories"
How do computers process information?,-5.0,"How do they learn?

These questions have puzzled computer scientists for decades. Now, researchers have found the answer in a particular form of memory known as long-term memory.

In a study published in Nature Neuroscience, researchers led by Olga Kuzovs at the Max Planck Institute for Biological Cybernetics in Germany showed that a network of neurons called place cells in the hippocampus of the brain are responsible for storing information about the environment. The information they store is called episodic","<|endoftext|>How do computers process information? How do they learn?

These questions have puzzled computer scientists for decades. Now, researchers have found the answer in a particular form of memory known as long-term memory.

In a study published in Nature Neuroscience, researchers led by Olga Kuzovs at the Max Planck Institute for Biological Cybernetics in Germany showed that a network of neurons called place cells in the hippocampus of the brain are responsible for storing information about the environment. The information they store is called episodic"
How do computers process information?,0.0,"The answer is not as simple as we might think.

The question of how computers process information is still a matter of debate. The answer depends on how one defines information. If one defines information as a physical thing, then the answer is simple: A computer processes information by measuring it and manipulating it.

But if one defines information as a mental state, then the answer is more complicated. We might define information as a state of awareness, or a state of consciousness. In this case","<|endoftext|>How do computers process information? The answer is not as simple as we might think.

The question of how computers process information is still a matter of debate. The answer depends on how one defines information. If one defines information as a physical thing, then the answer is simple: A computer processes information by measuring it and manipulating it.

But if one defines information as a mental state, then the answer is more complicated. We might define information as a state of awareness, or a state of consciousness. In this case"
How do computers process information?,5.0,"The computer is an electronic device that uses a series of electronic components to process information. The computer is a computer and it is a device. It can perform the same functions as a computer, but it can also perform other functions.

Computers perform a variety of functions. They can store data and programs, use data and programs to perform calculations, and communicate with other computers.

Computers can perform these functions because of the way they use electronic components. Computer components can be","<|endoftext|>How do computers process information?

The computer is an electronic device that uses a series of electronic components to process information. The computer is a computer and it is a device. It can perform the same functions as a computer, but it can also perform other functions.

Computers perform a variety of functions. They can store data and programs, use data and programs to perform calculations, and communicate with other computers.

Computers can perform these functions because of the way they use electronic components. Computer components can be"
How do computers process information?,10.0,"How do computers process information?

Computer systems process information using a series of steps called a computation. Computations are performed by a computer by using a series of steps called a computation. Computations are performed by a computer by using a series of steps called a computation. Computations are performed by a computer by using a series of steps called a computation. Computations are performed by a computer by using a series of steps called a computation. Computations are performed by a computer by using","<|endoftext|>How do computers process information?

How do computers process information?

Computer systems process information using a series of steps called a computation. Computations are performed by a computer by using a series of steps called a computation. Computations are performed by a computer by using a series of steps called a computation. Computations are performed by a computer by using a series of steps called a computation. Computations are performed by a computer by using a series of steps called a computation. Computations are performed by a computer by using"
How do computers process information?,20.0,The computer is a tool. A tool that helps us. A tool that helps us do things. A tool that helps us to do things. A tool that helps us to make things. A tool that helps us to make things. A tool that helps us to do things. A tool that helps us to do things. A tool that helps us to make things. A tool that helps us to make things. A tool that helps us to do things. A tool that helps us to,"<|endoftext|>How do computers process information?

The computer is a tool. A tool that helps us. A tool that helps us do things. A tool that helps us to do things. A tool that helps us to make things. A tool that helps us to make things. A tool that helps us to do things. A tool that helps us to do things. A tool that helps us to make things. A tool that helps us to make things. A tool that helps us to do things. A tool that helps us to"
Why do leaves change color in autumn?,-20.0,"Leaves change color in autumn to signal their readiness to drop. The changes are triggered by the fall of temperature. The leaves become greener and darker in the fall as they lose their chlorophyll. Chlorophyll is the pigment that absorbs the sun's energy. As the temperature drops, chlorophyll begins to break down. In turn, the green color of the leaf fades.

In the fall, there are many reasons why the leaves change color. One reason is that","<|endoftext|>Why do leaves change color in autumn?

Leaves change color in autumn to signal their readiness to drop. The changes are triggered by the fall of temperature. The leaves become greener and darker in the fall as they lose their chlorophyll. Chlorophyll is the pigment that absorbs the sun's energy. As the temperature drops, chlorophyll begins to break down. In turn, the green color of the leaf fades.

In the fall, there are many reasons why the leaves change color. One reason is that"
Why do leaves change color in autumn?,-10.0,"Leaves change color in autumn because they are in an advanced state of senescence. It is the process of plant aging that causes the leaves to turn yellow, brown, or red. The leaves are in this state because they have been photosynthesized for a long time, which has resulted in the production of starch, which is what the leaves are made of. When the leaves are in this advanced state of senescence, they are not able to photosynthesize anymore and thus are no longer able","<|endoftext|>Why do leaves change color in autumn?

Leaves change color in autumn because they are in an advanced state of senescence. It is the process of plant aging that causes the leaves to turn yellow, brown, or red. The leaves are in this state because they have been photosynthesized for a long time, which has resulted in the production of starch, which is what the leaves are made of. When the leaves are in this advanced state of senescence, they are not able to photosynthesize anymore and thus are no longer able"
Why do leaves change color in autumn?,-5.0,"Leaves change color in autumn because of the changes in the light that they receive. The leaves have pigment cells that are sensitive to the amount of light that they receive. The pigment cells have the ability to absorb the green wavelengths of light that cause green coloration, and the pigment cells have the ability to absorb the red wavelengths of light that cause red coloration. This allows the pigment cells to be sensitive to the amount of red and green light that they receive. The amount of red and","<|endoftext|>Why do leaves change color in autumn?

Leaves change color in autumn because of the changes in the light that they receive. The leaves have pigment cells that are sensitive to the amount of light that they receive. The pigment cells have the ability to absorb the green wavelengths of light that cause green coloration, and the pigment cells have the ability to absorb the red wavelengths of light that cause red coloration. This allows the pigment cells to be sensitive to the amount of red and green light that they receive. The amount of red and"
Why do leaves change color in autumn?,0.0,"The color of leaves is determined by the pigment chlorophyll.

Chlorophyll is a pigment that is responsible for the green color of plants. It's the substance that gives plants their color, and it's the substance that makes leaves change color in autumn.

What is chlorophyll?

Chlorophyll is the most important pigment in plants. It is a green pigment that is responsible for the green color of plants.

It is a complex molecule that consists of","<|endoftext|>Why do leaves change color in autumn?

The color of leaves is determined by the pigment chlorophyll.

Chlorophyll is a pigment that is responsible for the green color of plants. It's the substance that gives plants their color, and it's the substance that makes leaves change color in autumn.

What is chlorophyll?

Chlorophyll is the most important pigment in plants. It is a green pigment that is responsible for the green color of plants.

It is a complex molecule that consists of"
Why do leaves change color in autumn?,5.0,"Why do leaves change color in autumn?

October is a great time to learn about the colors of leaves. In the fall, the leaves on deciduous trees lose their green and turn yellow, orange, red, or brown. The leaves on evergreen trees retain their green color, but they turn brown in the fall.

How do leaves change color?

Leaves can change color for several reasons. The most common is when the plant’s leaves are damaged by","<|endoftext|>Why do leaves change color in autumn?

Why do leaves change color in autumn?

October is a great time to learn about the colors of leaves. In the fall, the leaves on deciduous trees lose their green and turn yellow, orange, red, or brown. The leaves on evergreen trees retain their green color, but they turn brown in the fall.

How do leaves change color?

Leaves can change color for several reasons. The most common is when the plant’s leaves are damaged by"
Why do leaves change color in autumn?,10.0,"Why do leaves change color in autumn?

Leaves of plants change color in autumn as they lose their chlorophyll. Chlorophyll is a green pigment that is present in all green leaves. It is responsible for photosynthesis, which is the process by which plants convert sunlight into the energy they need to grow. When the leaves are green, they are absorbing the maximum amount of sunlight. When they lose their chlorophyll, they begin to use less energy to grow. This process of","<|endoftext|>Why do leaves change color in autumn?

Why do leaves change color in autumn?

Leaves of plants change color in autumn as they lose their chlorophyll. Chlorophyll is a green pigment that is present in all green leaves. It is responsible for photosynthesis, which is the process by which plants convert sunlight into the energy they need to grow. When the leaves are green, they are absorbing the maximum amount of sunlight. When they lose their chlorophyll, they begin to use less energy to grow. This process of"
Why do leaves change color in autumn?,20.0,"In autumn, leaves change color.

Leaves are green in the spring, and they become brown or yellow in the summer.

In autumn, they change to red, orange, or yellow.

The colors of leaves change because of the way they are made.

Leaves are made of three layers of cells.

The bottom layer of cells, called the epidermis, is the thickest.

The middle layer, called the mesophyll, is","<|endoftext|>Why do leaves change color in autumn?

In autumn, leaves change color.

Leaves are green in the spring, and they become brown or yellow in the summer.

In autumn, they change to red, orange, or yellow.

The colors of leaves change because of the way they are made.

Leaves are made of three layers of cells.

The bottom layer of cells, called the epidermis, is the thickest.

The middle layer, called the mesophyll, is"
What is the theory of relativity?,-20.0,"What is the theory of
the evolution of the universe? Why do we need the theory of
relativity? What is the role of the theory of relativity in
astronomy? What is the theory of relativity?<|endoftext|>","<|endoftext|>What is the theory of relativity? What is the theory of
the evolution of the universe? Why do we need the theory of
relativity? What is the role of the theory of relativity in
astronomy? What is the theory of relativity?<|endoftext|>"
What is the theory of relativity?,-10.0,"Theory of Relativity is the study of how the speed of light is affected by the motion of objects. In this theory, Einstein explains that the speed of light is the same regardless of the distance between the two objects. If the two objects are moving away from each other, the speed of light will be different.

In the Theory of Relativity, a body's mass is measured by the amount of energy it has.

The speed of light in a vacuum is 1","<|endoftext|>What is the theory of relativity?

Theory of Relativity is the study of how the speed of light is affected by the motion of objects. In this theory, Einstein explains that the speed of light is the same regardless of the distance between the two objects. If the two objects are moving away from each other, the speed of light will be different.

In the Theory of Relativity, a body's mass is measured by the amount of energy it has.

The speed of light in a vacuum is 1"
What is the theory of relativity?,-5.0,"The theory of relativity is a set of four equations that describe how the laws of physics change as the speed of light changes. The first equation shows that the laws of physics are the same for all observers, and the second equation shows that the speed of light is the same for all observers. The third equation shows that the speed of light is independent of the observer, and the fourth equation shows that the speed of light is the same for all observers, regardless of their speed relative to the speed","<|endoftext|>What is the theory of relativity?

The theory of relativity is a set of four equations that describe how the laws of physics change as the speed of light changes. The first equation shows that the laws of physics are the same for all observers, and the second equation shows that the speed of light is the same for all observers. The third equation shows that the speed of light is independent of the observer, and the fourth equation shows that the speed of light is the same for all observers, regardless of their speed relative to the speed"
What is the theory of relativity?,0.0,"Theory of relativity was a theory formulated by Albert Einstein and published in 1905. It states that the laws of physics are the same for all observers, regardless of their relative motion with respect to each other.

Einstein's theory of relativity predicts that a moving observer will experience time as passing at a constant rate. It is a departure from the concept of time as a fundamental constant of nature.<|endoftext|>","<|endoftext|>What is the theory of relativity?

Theory of relativity was a theory formulated by Albert Einstein and published in 1905. It states that the laws of physics are the same for all observers, regardless of their relative motion with respect to each other.

Einstein's theory of relativity predicts that a moving observer will experience time as passing at a constant rate. It is a departure from the concept of time as a fundamental constant of nature.<|endoftext|>"
What is the theory of relativity?,5.0,"Theory of relativity is a theory that explains how the speed of light is affected by the relative motion of the source and observer. The theory of relativity was first proposed by Albert Einstein in 1905.

Theory of relativity explains that the speed of light is unaffected by the relative motion of the source and observer, but that the speed of light is dependent on the time that passes. The theory of relativity was first proposed by Albert Einstein in 1905.

The theory of relativity is based","<|endoftext|>What is the theory of relativity?

Theory of relativity is a theory that explains how the speed of light is affected by the relative motion of the source and observer. The theory of relativity was first proposed by Albert Einstein in 1905.

Theory of relativity explains that the speed of light is unaffected by the relative motion of the source and observer, but that the speed of light is dependent on the time that passes. The theory of relativity was first proposed by Albert Einstein in 1905.

The theory of relativity is based"
What is the theory of relativity?,10.0,"A:

Quick Answer

The theory of relativity is a scientific theory that explains the way in which the speed of light is affected by time and space. The theory of relativity is named for two scientists: Albert Einstein and Hendrik Lorentz.

Keep Learning

In the theory of relativity, the speed of light is the same regardless of whether it is measured in a vacuum or in a medium. The speed of light in a vacuum is a constant, and the speed of","<|endoftext|>What is the theory of relativity?

A:

Quick Answer

The theory of relativity is a scientific theory that explains the way in which the speed of light is affected by time and space. The theory of relativity is named for two scientists: Albert Einstein and Hendrik Lorentz.

Keep Learning

In the theory of relativity, the speed of light is the same regardless of whether it is measured in a vacuum or in a medium. The speed of light in a vacuum is a constant, and the speed of"
What is the theory of relativity?,20.0,"A:

The theory of relativity is the study of the laws of physics that apply to the movement of objects and the physical world. The theory of relativity is based on the principle of relativity, which states that all physical laws are the same, regardless of the size of the objects being measured.

Q:

What are the basic principles of the theory of relativity?

A:

The basic principles of the theory of relativity are:

E=mc","<|endoftext|>What is the theory of relativity?

A:

The theory of relativity is the study of the laws of physics that apply to the movement of objects and the physical world. The theory of relativity is based on the principle of relativity, which states that all physical laws are the same, regardless of the size of the objects being measured.

Q:

What are the basic principles of the theory of relativity?

A:

The basic principles of the theory of relativity are:

E=mc"
